HABITACIONES;ROOMS
INICIO;HOME
HOTEL;HOTEL
SERVICIOS;SERVICES
NUESTRA CIUDAD;OUR CITY
UBICACION;LOCATION
PROMOCIONES;PROMOTIONS
MENSAJES;MESSAGES
CONTACTO;CONTACT
habitaciones;rooms
inicio;home
hotel;hotel
servicios;services
nuestra ciudad;our city
ciudad;city
ubicacion;location
promociones;promotions
mensajes;messages
contacto;contact

ver detalle;See detail
Los mejores beneficios;the best benefits
Ver mas;See more
Eventos en Rosario;Rosario´s messages and events

Formulario de Contacto;Contact Form
Transmitanos sus inquietudes;Report yours concerns and soon we will contact you
Los campos indicados;Fields marked (*) are required to perform the query.
Correo Electronico;Email
Nombre;Name
Asunto;Subject
Consulta;Message
Enviar consulta;Send

Todos los derechos reservados;All rights reserved

error404;Sorry, Page not found.
isEmpty;The field can not be empty. Check.

REALIZE SU CONSULTA EN HOTEL BARON DEL 1000;REALIZE SU CONSULTA EN HOTEL BARON DEL 1000
EL MAYOR CONFORT;EL MAYOR CONFORT
Nuestros Servicios;Our Services
Desayuno_buffet;Buffet breakfast
Internet_Wifi;Internet Access ( Wifi )
Cochera_cubierta_en_el_edificio;Inside Closed Parking
Check_in__Check_out;Check-in | Check-out:<br/>Within our means, adapted to customer needs
Atencion_de_emergencias_medicas;Emergency medical care 24 hours.
Lavanderia_y_Tintoreria;Laundry and Dry Cleaning
Servicio_de_despertador;Wake up call
Servicio_de_Mensajeria;Messaging Service
Servicio_de_Alquiler_de_autos;Rental facilities
Sala_de_Reuniones;Meeting Room
Tv HD;Tv HD
Informacion Turistica;Tourist Information

DESAYUNO BUFFET;BUFFET BREAKFAST
INTERNET WIFI;INTERNET ACCESS ( Wifi)
COCHERA CUBIERTA EN EL EDIFICIO;INSIDE CLOSED PARKING
CHECK-IN | CHECK-OUT;CHECK-IN | CHECK-OUT
ATENCION DE EMERGENCIAS MEDICAS LAS 24HS.;EMERGENCY MEDICAL CARE 24 HOURS.
LAVANDERIA Y TINTORERIA;LAUNDRY AND DRY CLEANING
SERVICIO DE DESPERTADOR;WAKE UP CALL
SERVICIO DE MENSAJERIA;MESSAGING SERVICE
SERVICIO DE ALQUILER DE AUTOS;RENTAL FACILITIES
SALA DE REUNIONES;MEETING ROOM
TV HD;TV HD
INFORMACION TURISTICA;TOURIST INFORMATION

META_HOME_DESCRIPTION;Rosario se lanza como ciudad turística y Hotel Baron del 1000 brinda habitaciones con todas las comodidades de gran Calidad y un prestigioso Servicio de atencion
META_HOME_TITLE;Hotel Baron del 1000 - El Hotel de Rosario y Zona - Habitaciones, Aparts, Departamentos
META_HOME_KEYWORDS;www.hotelbarondelmil.com, www.hotelbarondel1000.com, www.hotelbarondel1000.com.ar, www.hotelbarondelmil.com.ar, Rosario hoteles, hotel, apart, hostel, hostels, aparts, turismo, rosaio, rosarino, reservas, reservas on-line, reservas online, mercosur, argentina, Rosario hotel, hoteles en Rosario, reserva de hoteles, apart hotel, alojamiento, Rosario, santa fe, buenos aires

META_HOTEL_DESCRIPTION;Hotel Baron del 1000 es un hotel de categoria tres estrellas superior con una personalizada atencion familiar, cuenta con 52 habitaciones y privilegiada ubicacion
META_HOTEL_TITLE;Hotel Baron del 1000 - El Hotel de Rosario y Zona - Habitaciones, Aparts, Departamentos
META_HOTEL_KEYWORDS;familiar, Rosario hoteles, hotel, apart, hostel, hostels, aparts, turismo, rosaio, rosarino, reservas, reservas on-line, reservas online, mercosur, argentina, Rosario hotel, hoteles en Rosario, reserva de hoteles, apart hotel, alojamiento, Rosario, santa fe, buenos aires

META_HABITACIONES_DESCRIPTION;Hotel Baron del 1000: Comodidad, Servicio y Calidad
META_HABITACIONES_TITLE;Hotel Baron del 1000 - El Hotel de Rosario y Zona - Habitaciones, Aparts, Departamentos
META_HABITACIONES_KEYWORDS;familiar, Rosario hoteles, hotel, apart, hostel, hostels, aparts, turismo, rosaio, rosarino, reservas, reservas on-line, reservas online, mercosur, argentina, Rosario hotel, hoteles en Rosario, reserva de hoteles, apart hotel, alojamiento, Rosario, santa fe, buenos aires

META_SERVICIOS_DESCRIPTION;Hotel Baron del 1000 es un hotel de categoria tres estrellas superior con una personalizada atencion familiar, cuenta con 52 habitaciones y privilegiada ubicacion
META_SERVICIOS_TITLE;Hotel Baron del 1000 - El Hotel de Rosario y Zona - Habitaciones, Aparts, Departamentos
META_SERVICIOS_KEYWORDS;desayuno buffet, Internet Wifi, Cochera cubierta en el edificio, Check-in - Check-out, emergencias medicas, lavanderia, tintoreria, despertador, mensajeria, alquiler de autos, sala de reuniones, tv HD,

META_CIUDAD_DESCRIPTION;Hotel Baron del 1000 es un hotel de categoria tres estrellas superior con una personalizada atencion familiar, cuenta con 52 habitaciones y privilegiada ubicacion
META_CIUDAD_TITLE;Hotel Baron del 1000 - El Hotel de Rosario y Zona - Habitaciones, Aparts, Departamentos
META_CIUDAD_KEYWORDS;Rosario hoteles, turismo, rosaio, argentina, Rosario hotel, hoteles en Rosario, Rosario, santa fe, monumento a la bandera, nob, puente Rosario victoria, florida

META_UBICACION_DESCRIPTION;Hotel Baron del 1000 es un hotel de categoria tres estrellas superior con una personalizada atencion familiar, cuenta con 52 habitaciones y privilegiada ubicacion
META_UBICACION_TITLE;Hotel Baron del 1000 - El Hotel de Rosario y Zona - Habitaciones, Aparts, Departamentos
META_UBICACION_KEYWORDS;Rosario hoteles, turismo, rosaio, argentina, Rosario hotel, hoteles en Rosario, Rosario, santa fe, monumento a la bandera, nob, puente Rosario victoria, florida

META_PROMOCIONES_DESCRIPTION;Hotel Baron del 1000 los mejores beneficios
META_PROMOCIONES_TITLE;Hotel Baron del 1000 - El Hotel de Rosario y Zona - Habitaciones, Aparts, Departamentos
META_PROMOCIONES_KEYWORDS;promociones, promocion, promocion verano, promocion invierno, invierno, promociones invierno, promociones de verano, Rosario hoteles, turismo, rosaio, argentina, Rosario hotel, hoteles en Rosario, Rosario, santa fe

META_MENSAJES_DESCRIPTION;Hotel Baron del 1000: Mensajes y eventos de Rosario
META_MENSAJES_TITLE;Hotel Baron del 1000 - El Hotel de Rosario y Zona - Habitaciones, Aparts, Departamentos
META_MENSAJES_KEYWORDS;mensajes, eventos, Rosario hoteles, turismo, rosaio, argentina, Rosario hotel, hoteles en Rosario, Rosario, santa fe

META_CONTACTO_DESCRIPTION;Rosario se lanza como ciudad turística y Hotel Baron del 1000 brinda habitaciones con todas las comodidades de gran Calidad y un prestigioso Servicio de atencion
META_CONTACTO_TITLE;Hotel Baron del 1000 - El Hotel de Rosario y Zona - Habitaciones, Aparts, Departamentos
META_CONTACTO_KEYWORDS;Rosario hoteles, hotel, apart, hostel, hostels, aparts, turismo, rosaio, rosarino, reservas, reservas on-line, reservas online, mercosur, argentina, Rosario hotel, hoteles en Rosario, reserva de hoteles, apart hotel, alojamiento, Rosario, santa fe, buenos aires

error404;Lo sentimos, la pagina que busca no existe.
isEmpty;El campo no puede estar vacio. Verifique.

EMPLAZADO_EN_LA_MEJOR_UBICACION;Placed in the best location of Rosario, in the heart of the city, facing the Plaza Montenegro, the Automovil Club Argentino and San Martin pedestrian street.Baron del 1000 was opened on January of 2011. It is a superior three star hotel with a personalized family care, counting with 52 rooms.Its strategic and privileged location allows our visitors to be just two blocks from Cordoba pedestrian street, four blocks from the Stock Exchange and Paseo del Siglo, and five blocks from the Monumento a la Bandera, the Cathedral and the Parana river.
HOTEL_BRINDAMOS_A_NUESTROS_CLIENTES;We offer our guests the following services:
HOTEL_COMODIDADES;Smart magnetic card lock, Internet Access (Wifi), TV LCD 32', digital decoder HD (High Definition) all rooms, minibar, Individual safe box, desk and chair, split air conditioner, heating radiators with individual control, soummier pillow top, telephone, acoustic openings,private bathroom with hairdryer.

HABITACIONES_COMODIDAD_SERVICIO_CALIDAD;Comfort, Service and Quality
Cerradura_con_tarjeta_magnetica_inteligente;Intelligent magnetic card lock
Nuestras_habitaciones_disponen_de;Our rooms have:
Internet_Wifi;Internet Access (Wifi)
Decodificador_Digital_HD;Digital decoder HD (High Definition) all rooms
Frigobar;Minibar
Caja_de_Seguridad_Individual;Individual safe
Escritorio_y_Silla_de_Trabajo;Desk and Chair
Aire_Acondicionado_Split;Split Air Conditioner
Calefaccion_por_Radiadores_con_Control_Individual;Heating Radiators with individual control
Soummier_con_Pillow_Top;Soummier Pillow Top
Telefono;Telephone
Aberturas_con_Aislamiento_Acustico;Acoustic openings
Bano_con_secador_de_pelo;Private bathroom with hairdryer
Privilegiada_vista_de_la_ciudad;Inside view of the city

Baron_del_mil_cuenta_con;Baron del 1000 has:
Habitacion_con_todas_las_comodidades;1 Room comfort for people with disabilities, equipped according to current regulations
habitaciones_cuadruples;13 quadruple room equipped with a double bed + two single beds for up to 4 people. (Ideal for families)
Habitaciones_triples;10 triple rooms with one double bed + one single bed for up to three people.
8_habitaciones_triples;8 Triple rooms with three single beds for up to three people.
Habitaciones_dobles;10 double rooms with one double bed.
10_habitaciones_dobles;10 double rooms with two single beds.
Galeria_de_imagenes;Image Gallery 

Facebook;Follow us on facebook
Servicios_para_Discapacitados;Disabled Services
Sistema_deteccion_incendios;Fire detection system
Escalera_de_emergencia;Emergency stairs
