HABITACIONES;HABITACIONES
INICIO;INICIO
HOTEL;HOTEL
SERVICIOS;SERVICIOS
NUESTRA CIUDAD;NUESTRA CIUDAD
UBICACION;UBICACION
PROMOCIONES;PROMOCIONES
MENSAJES;MENSAJES
CONTACTO;CONTACTO
REALIZE SU CONSULTA EN HOTEL BARON DEL 1000;REALIZE SU CONSULTA EN HOTEL BARON DEL 1000
EL MAYOR CONFORT;EL MAYOR CONFORT
Nuestros Servicios;Nuestros Servicios
Desayuno_buffet;Desayuno buffet
Internet_Wifi;Internet Wifi
Cochera_cubierta_en_el_edificio;Cochera cubierta en el edificio
Check_in__Check_out;Check-in | Check-out:<br/>Dentro de nuestras posibilidades, adaptables a las necesidades del cliente
Atencion_de_emergencias_medicas;Atención de emergencias médicas las 24hs.
Lavanderia_y_Tintoreria;Lavandería y Tintorería
Servicio_de_despertador;Servicio de despertador
Servicio_de_Mensajeria;Servicio de Mensajería
Servicio_de_Alquiler_de_autos;Servicio de Alquiler de autos
Sala_de_Reuniones;Sala de Reuniones
Tv HD;Tv HD
Informacion Turistica;Información Turística

ver detalle;Ver detalle
Los mejores beneficios;Los mejores beneficios
Ver mas;Ver mas
Eventos en Rosario;Eventos en Rosario

Formulario de Contacto;Formulario de Contacto
Transmitanos sus inquietudes;Transmitanos sus inquietudes y a la brevedad nos pondremos en contacto con usted
Los campos indicados;Los campos indicados (*) son necesario para realizar la consulta.
Correo Electronico;Correo Electronico
Nombre;Nombre
Asunto;Asunto
Consulta;Consulta
Enviar consulta;Enviar Consulta

Todos los derechos reservados;Todos los derechos reservados

DESAYUNO BUFFET;DESAYUNO BUFFET
INTERNET WIFI;INTERNET WIFI
COCHERA CUBIERTA EN EL EDIFICIO;COCHERA CUBIERTA EN EL EDIFICIO
CHECK-IN | CHECK-OUT;CHECK-IN | CHECK-OUT
ATENCION DE EMERGENCIAS MEDICAS LAS 24HS.;ATENCION DE EMERGENCIAS MEDICAS LAS 24HS.
LAVANDERIA Y TINTORERIA;LAVANDERIA Y TINTORERIA
SERVICIO DE DESPERTADOR;SERVICIO DE DESPERTADOR
SERVICIO DE MENSAJERIA;SERVICIO DE MENSAJERIA
SERVICIO DE ALQUILER DE AUTOS;SERVICIO DE ALQUILER DE AUTOS
SALA DE REUNIONES;SALA DE REUNIONES
TV HD;TV HD
INFORMACION TURISTICA;INFORMACION TURISTICA

META_HOME_DESCRIPTION;Rosario se lanza como ciudad turística y Hotel Baron del 1000 brinda habitaciones con todas las comodidades de gran Calidad y un prestigioso Servicio de atencion
META_HOME_TITLE;Hotel Baron del 1000 - El Hotel de Rosario y Zona - Habitaciones, Aparts, Departamentos
META_HOME_KEYWORDS;www.hotelbarondelmil.com, www.hotelbarondel1000.com, www.hotelbarondel1000.com.ar, www.hotelbarondelmil.com.ar, Rosario hoteles, hotel, apart, hostel, hostels, aparts, turismo, rosaio, rosarino, reservas, reservas on-line, reservas online, mercosur, argentina, Rosario hotel, hoteles en Rosario, reserva de hoteles, apart hotel, alojamiento, Rosario, santa fe, buenos aires

META_HOTEL_DESCRIPTION;Hotel Baron del 1000 es un hotel de categoria tres estrellas superior con una personalizada atencion familiar, cuenta con 52 habitaciones y privilegiada ubicacion
META_HOTEL_TITLE;Hotel Baron del 1000 - El Hotel de Rosario y Zona - Habitaciones, Aparts, Departamentos
META_HOTEL_KEYWORDS;familiar, Rosario hoteles, hotel, apart, hostel, hostels, aparts, turismo, rosaio, rosarino, reservas, reservas on-line, reservas online, mercosur, argentina, Rosario hotel, hoteles en Rosario, reserva de hoteles, apart hotel, alojamiento, Rosario, santa fe, buenos aires

META_HABITACIONES_DESCRIPTION;Hotel Baron del 1000: Comodidad, Servicio y Calidad
META_HABITACIONES_TITLE;Hotel Baron del 1000 - El Hotel de Rosario y Zona - Habitaciones, Aparts, Departamentos
META_HABITACIONES_KEYWORDS;familiar, Rosario hoteles, hotel, apart, hostel, hostels, aparts, turismo, rosaio, rosarino, reservas, reservas on-line, reservas online, mercosur, argentina, Rosario hotel, hoteles en Rosario, reserva de hoteles, apart hotel, alojamiento, Rosario, santa fe, buenos aires

META_SERVICIOS_DESCRIPTION;Hotel Baron del 1000 es un hotel de categoria tres estrellas superior con una personalizada atencion familiar, cuenta con 52 habitaciones y privilegiada ubicacion
META_SERVICIOS_TITLE;Hotel Baron del 1000 - El Hotel de Rosario y Zona - Habitaciones, Aparts, Departamentos
META_SERVICIOS_KEYWORDS;desayuno buffet, Internet Wifi, Cochera cubierta en el edificio, Check-in - Check-out, emergencias medicas, lavanderia, tintoreria, despertador, mensajeria, alquiler de autos, sala de reuniones, tv HD,

META_CIUDAD_DESCRIPTION;Hotel Baron del 1000 es un hotel de categoria tres estrellas superior con una personalizada atencion familiar, cuenta con 52 habitaciones y privilegiada ubicacion
META_CIUDAD_TITLE;Hotel Baron del 1000 - El Hotel de Rosario y Zona - Habitaciones, Aparts, Departamentos
META_CIUDAD_KEYWORDS;Rosario hoteles, turismo, rosaio, argentina, Rosario hotel, hoteles en Rosario, Rosario, santa fe, monumento a la bandera, nob, puente Rosario victoria, florida

META_UBICACION_DESCRIPTION;Hotel Baron del 1000 es un hotel de categoria tres estrellas superior con una personalizada atencion familiar, cuenta con 52 habitaciones y privilegiada ubicacion
META_UBICACION_TITLE;Hotel Baron del 1000 - El Hotel de Rosario y Zona - Habitaciones, Aparts, Departamentos
META_UBICACION_KEYWORDS;Rosario hoteles, turismo, rosaio, argentina, Rosario hotel, hoteles en Rosario, Rosario, santa fe, monumento a la bandera, nob, puente Rosario victoria, florida

META_PROMOCIONES_DESCRIPTION;Hotel Baron del 1000 los mejores beneficios
META_PROMOCIONES_TITLE;Hotel Baron del 1000 - El Hotel de Rosario y Zona - Habitaciones, Aparts, Departamentos
META_PROMOCIONES_KEYWORDS;promociones, promocion, promocion verano, promocion invierno, invierno, promociones invierno, promociones de verano, Rosario hoteles, turismo, rosaio, argentina, Rosario hotel, hoteles en Rosario, Rosario, santa fe

META_MENSAJES_DESCRIPTION;Hotel Baron del 1000: Mensajes y eventos de Rosario
META_MENSAJES_TITLE;Hotel Baron del 1000 - El Hotel de Rosario y Zona - Habitaciones, Aparts, Departamentos
META_MENSAJES_KEYWORDS;mensajes, eventos, Rosario hoteles, turismo, rosaio, argentina, Rosario hotel, hoteles en Rosario, Rosario, santa fe

META_CONTACTO_DESCRIPTION;Rosario se lanza como ciudad turística y Hotel Baron del 1000 brinda habitaciones con todas las comodidades de gran Calidad y un prestigioso Servicio de atencion
META_CONTACTO_TITLE;Hotel Baron del 1000 - El Hotel de Rosario y Zona - Habitaciones, Aparts, Departamentos
META_CONTACTO_KEYWORDS;Rosario hoteles, hotel, apart, hostel, hostels, aparts, turismo, rosaio, rosarino, reservas, reservas on-line, reservas online, mercosur, argentina, Rosario hotel, hoteles en Rosario, reserva de hoteles, apart hotel, alojamiento, Rosario, santa fe, buenos aires

error404;Lo sentimos, la pagina que busca no existe.
isEmpty;El campo no puede estar vacio. Verifique.

EMPLAZADO_EN_LA_MEJOR_UBICACION;Emplazado en la mejor ubicación de la ciudad de Rosario, pleno centro, frente a Plaza Montenegro, centro cultural Bernardino Rivadavia, Automovil Club Argentino y Peatonal San Martin, Baron del 1000 fue inaugurado en el mes de Enero del año 2011, es un hotel de categoria tres estrellas superior con una personalizada atención familiar, cuenta con 52 habitaciones y su ubicación estrategica y privilegiada le permite estar a solo dos cuadras de la peatonal Córdoba, a cuatro de la Bolsa de Comercio y Paseo del Siglo y a cinco del Monumento a la Bandera, Catedral y Río Paraná.
HOTEL_BRINDAMOS_A_NUESTROS_CLIENTES;Brindamos a nuestros clientes las siguientes comodidades:
HOTEL_COMODIDADES;Cerradura con tarjeta magnetica Inteligente, internet wifi, TV LCD 32', decodificador digital HD ( Alta Definicion ) en todas las habitaciones, frigobar, caja de seguridad individual, escritorio y silla de trabajo, aire acondicionado split, calefacción por radiadores con control individual, soummier con pillow top, teléfono, aberturas con aislamiento acústico, baño privado con secador de pelo.

HABITACIONES_COMODIDAD_SERVICIO_CALIDAD;Comodidad, Servicio y Calidad
Cerradura_con_tarjeta_magnetica_inteligente;Cerradura con tarjeta magnética inteligente
Nuestras_habitaciones_disponen_de;Nuestras habitaciones disponen de:
Internet_Wifi;Internet Wifi
Decodificador_Digital_HD;Decodificador Digital HD ( Alta Definicion ) en todas las habitaciones
Frigobar;Frigobar
Caja_de_Seguridad_Individual;Caja de Seguridad Individual
Escritorio_y_Silla_de_Trabajo;Escritorio y Silla de Trabajo
Aire_Acondicionado_Split;Aire Acondicionado Split
Calefaccion_por_Radiadores_con_Control_Individual;Calefaccion por Radiadores con Control Individual
Soummier_con_Pillow_Top;Soummier con Pillow Top
Telefono;Teléfono
Aberturas_con_Aislamiento_Acustico;Aberturas con Aislamiento Acústico
Bano_con_secador_de_pelo;Baño con secador de pelo
Privilegiada_vista_de_la_ciudad;Privilegiada vista de la ciudad

Baron_del_mil_cuenta_con;Baron del 1000 cuenta con:
Habitacion_con_todas_las_comodidades;1 Habitación con todas las comodidades para personas con capacidades diferentes, equipadas de acuerdo a la reglamentación vigente
habitaciones_cuadruples;13 habitaciones cuadruples equipadas con una cama matrimonial + dos camas de una plaza con capacidad de hasta 4 personas.( Ideal para familias )
Habitaciones_triples;10 habitaciones triples con una cama matrimonial + una cama de una plaza con capacidad de haste tres personas.
8_habitaciones_triples;8 habitaciones triples con tres camas de una plaza con capacidad de hasta tres personas.
Habitaciones_dobles;10 habitaciones dobles con una cama matrimonial
10_habitaciones_dobles;10 habitaciones dobles con dos camas de una plaza.
Galeria_de_imagenes;Galería de imágenes

Facebook;Síganos en facebook
Servicios_para_Discapacitados;Servicios para Discapacitados
Sistema_deteccion_incendios;Sistema detección de incendios
Escalera_de_emergencia;Escalera de emergencia