HABITACIONES;QUARTOS
INICIO;HOME
HOTEL;HOTEL
SERVICIOS;SERVIÇOS
NUESTRA CIUDAD;NOSSA CIDADE
UBICACION;LOCALIZAÇÃO
PROMOCIONES;PROMOÇÕES
MENSAJES;MENSAGENS
CONTACTO;CONTATO
REALIZE SU CONSULTA EN HOTEL BARON DEL 1000;FAÇA O SEU HOTEL BARÃO DE CONSULTA DE 1000, FAÇA A SUA CONSULTA DO HOTEL BARON DEL 1000
EL MAYOR CONFORT;EL MAYOR CONFORT
Nuestros Servicios;Os nossos serviços
Desayuno_buffet;Pequeno-almoço buffeta
Internet_Wifi;Internet Wireless
Cochera_cubierta_en_el_edificio;Garagem coberto no edificio
Check_in__Check_out;Check-in | Check-out:<br/>Dentro de nossas possibilidades, adaptado às necessidades do cliente
Atencion_de_emergencias_medicas;Assistência médica de emergência 24 horas.
Lavanderia_y_Tintoreria;Lavanderia e tintoraria
Servicio_de_despertador;Wake Up Call
Servicio_de_Mensajeria;Serviço de Mensagens
Servicio_de_Alquiler_de_autos;Instalações de aluguer de carros
Sala_de_Reuniones;Sala de Reuniões
Tv HD;Tv HD
Informacion Turistica;Informações Turísticas

ver detalle;Ver detalhes
Los mejores beneficios;Os melhores benefícios
Ver mas;Veja mais
Eventos en Rosario;As mensagens e eventos do Rosario

Todos los derechos reservados;Todos os direitos reservados

Formulario de Contacto;Formulário de Contato
Transmitanos sus inquietudes;Transmitanos suas preocupações e em breve entraremos em contato
Los campos indicados;Os campos marcados (*) são necessários para realizar a consulta.
Correo Electronico;Email
Nombre;Nome
Asunto;Assunto
Consulta;Consulta
Enviar consulta;Enviar Inquerito

DESAYUNO BUFFET;PEQUENO-ALMOÇO BUFFET
INTERNET WIFI;INTERNET WIRELESS
COCHERA CUBIERTA EN EL EDIFICIO;GARAGEM COBERTO NO EDIFICIO
CHECK-IN | CHECK-OUT;CHECK-IN | CHECK-OUT
ATENCION DE EMERGENCIAS MEDICAS LAS 24HS.;ASSISTÊNCIA MÉDICA DE EMERGeNCIA 24 HORAS.
LAVANDERIA Y TINTORERIA;LAVANDERIA E TINTORARIA
SERVICIO DE DESPERTADOR;WAKE UP CALL
SERVICIO DE MENSAJERIA;SERVIÇO DE MENSAGENS
SERVICIO DE ALQUILER DE AUTOS;INSTALAÇÕES DE ALUGUER DE CARROS
SALA DE REUNIONES;SALA DE REUNIÕES
TV HD;TV HD
INFORMACION TURISTICA;INFORMAÇÕES TURISTICAS

error404;Desculpe, a página nâo existe.
isEmpty;O campo não pode estar vazio. Check.

REALIZE SU CONSULTA EN HOTEL BARON DEL 1000;REALIZE SU CONSULTA EN HOTEL BARON DEL 1000
EL MAYOR CONFORT;EL MAYOR CONFORT
Desayuno buffet;Desayuno buffet
Internet Wifi;Internet Wifi
Cochera cubierta en el edificio;Cochera cubierta en el edificio
Check-in | Check-out:Dentro de nuestras posibilidades, adaptables a las necesidades del cliente;Check-in | Check-out:Dentro de nuestras posibilidades, adaptables a las necesidades del cliente
Atención de emergencias médicas las 24hs.;Atención de emergencias médicas las 24hs.
Lavandería y Tintorería;Lavandería y Tintorería
Servicio de despertador;Servicio de despertador
Servicio de Mensajería;Servicio de Mensajería
Servicio de Alquiler de autos;Servicio de Alquiler de autos
Sala de Reuniones;Sala de Reuniones
Tv HD;Tv HD
Información Turística;Información Turística

DESAYUNO BUFFET;DESAYUNO BUFFET
INTERNET WIFI;INTERNET WIFI
COCHERA CUBIERTA EN EL EDIFICIO;COCHERA CUBIERTA EN EL EDIFICIO
CHECK-IN | CHECK-OUT;CHECK-IN | CHECK-OUT
ATENCION DE EMERGENCIAS MEDICAS LAS 24HS.;ATENCION DE EMERGENCIAS MEDICAS LAS 24HS.
LAVANDERIA Y TINTORERIA;LAVANDERIA Y TINTORERIA
SERVICIO DE DESPERTADOR;SERVICIO DE DESPERTADOR
SERVICIO DE MENSAJERIA;SERVICIO DE MENSAJERIA
SERVICIO DE ALQUILER DE AUTOS;SERVICIO DE ALQUILER DE AUTOS
SALA DE REUNIONES;SALA DE REUNIONES
TV HD;TV HD
INFORMACION TURISTICA;INFORMACION TURISTICA

META_HOME_DESCRIPTION;Rosario se lanza como ciudad turística y Hotel Baron del 1000 brinda habitaciones con todas las comodidades de gran Calidad y un prestigioso Servicio de atencion
META_HOME_TITLE;Hotel Baron del 1000 - El Hotel de Rosario y Zona - Habitaciones, Aparts, Departamentos
META_HOME_KEYWORDS;www.hotelbarondelmil.com, www.hotelbarondel1000.com, www.hotelbarondel1000.com.ar, www.hotelbarondelmil.com.ar, Rosario hoteles, hotel, apart, hostel, hostels, aparts, turismo, rosaio, rosarino, reservas, reservas on-line, reservas online, mercosur, argentina, Rosario hotel, hoteles en Rosario, reserva de hoteles, apart hotel, alojamiento, Rosario, santa fe, buenos aires

META_HOTEL_DESCRIPTION;Hotel Baron del 1000 es un hotel de categoria tres estrellas superior con una personalizada atencion familiar, cuenta con 52 habitaciones y privilegiada ubicacion
META_HOTEL_TITLE;Hotel Baron del 1000 - El Hotel de Rosario y Zona - Habitaciones, Aparts, Departamentos
META_HOTEL_KEYWORDS;familiar, Rosario hoteles, hotel, apart, hostel, hostels, aparts, turismo, rosaio, rosarino, reservas, reservas on-line, reservas online, mercosur, argentina, Rosario hotel, hoteles en Rosario, reserva de hoteles, apart hotel, alojamiento, Rosario, santa fe, buenos aires

META_HABITACIONES_DESCRIPTION;Hotel Baron del 1000: Comodidad, Servicio y Calidad
META_HABITACIONES_TITLE;Hotel Baron del 1000 - El Hotel de Rosario y Zona - Habitaciones, Aparts, Departamentos
META_HABITACIONES_KEYWORDS;familiar, Rosario hoteles, hotel, apart, hostel, hostels, aparts, turismo, rosaio, rosarino, reservas, reservas on-line, reservas online, mercosur, argentina, Rosario hotel, hoteles en Rosario, reserva de hoteles, apart hotel, alojamiento, Rosario, santa fe, buenos aires

META_SERVICIOS_DESCRIPTION;Hotel Baron del 1000 es un hotel de categoria tres estrellas superior con una personalizada atencion familiar, cuenta con 52 habitaciones y privilegiada ubicacion
META_SERVICIOS_TITLE;Hotel Baron del 1000 - El Hotel de Rosario y Zona - Habitaciones, Aparts, Departamentos
META_SERVICIOS_KEYWORDS;desayuno buffet, Internet Wifi, Cochera cubierta en el edificio, Check-in - Check-out, emergencias medicas, lavanderia, tintoreria, despertador, mensajeria, alquiler de autos, sala de reuniones, tv HD,

META_CIUDAD_DESCRIPTION;Hotel Baron del 1000 es un hotel de categoria tres estrellas superior con una personalizada atencion familiar, cuenta con 52 habitaciones y privilegiada ubicacion
META_CIUDAD_TITLE;Hotel Baron del 1000 - El Hotel de Rosario y Zona - Habitaciones, Aparts, Departamentos
META_CIUDAD_KEYWORDS;Rosario hoteles, turismo, rosaio, argentina, Rosario hotel, hoteles en Rosario, Rosario, santa fe, monumento a la bandera, nob, puente Rosario victoria, florida

META_UBICACION_DESCRIPTION;Hotel Baron del 1000 es un hotel de categoria tres estrellas superior con una personalizada atencion familiar, cuenta con 52 habitaciones y privilegiada ubicacion
META_UBICACION_TITLE;Hotel Baron del 1000 - El Hotel de Rosario y Zona - Habitaciones, Aparts, Departamentos
META_UBICACION_KEYWORDS;Rosario hoteles, turismo, rosaio, argentina, Rosario hotel, hoteles en Rosario, Rosario, santa fe, monumento a la bandera, nob, puente Rosario victoria, florida

META_PROMOCIONES_DESCRIPTION;Hotel Baron del 1000 los mejores beneficios
META_PROMOCIONES_TITLE;Hotel Baron del 1000 - El Hotel de Rosario y Zona - Habitaciones, Aparts, Departamentos
META_PROMOCIONES_KEYWORDS;promociones, promocion, promocion verano, promocion invierno, invierno, promociones invierno, promociones de verano, Rosario hoteles, turismo, rosaio, argentina, Rosario hotel, hoteles en Rosario, Rosario, santa fe

META_MENSAJES_DESCRIPTION;Hotel Baron del 1000: Mensajes y eventos de Rosario
META_MENSAJES_TITLE;Hotel Baron del 1000 - El Hotel de Rosario y Zona - Habitaciones, Aparts, Departamentos
META_MENSAJES_KEYWORDS;mensajes, eventos, Rosario hoteles, turismo, rosaio, argentina, Rosario hotel, hoteles en Rosario, Rosario, santa fe

META_CONTACTO_DESCRIPTION;Rosario se lanza como ciudad turística y Hotel Baron del 1000 brinda habitaciones con todas las comodidades de gran Calidad y un prestigioso Servicio de atencion
META_CONTACTO_TITLE;Hotel Baron del 1000 - El Hotel de Rosario y Zona - Habitaciones, Aparts, Departamentos
META_CONTACTO_KEYWORDS;Rosario hoteles, hotel, apart, hostel, hostels, aparts, turismo, rosaio, rosarino, reservas, reservas on-line, reservas online, mercosur, argentina, Rosario hotel, hoteles en Rosario, reserva de hoteles, apart hotel, alojamiento, Rosario, santa fe, buenos aires

error404;Lo sentimos, la pagina que busca no existe.
isEmpty;El campo no puede estar vacio. Verifique.

EMPLAZADO_EN_LA_MEJOR_UBICACION;Localizado na melhor localização na cidade de Rosario, coração, Praça em frente ao Montenegro, Bernardino Rivadavia Centro Cultural, Automóvel Clube da Argentina e do pedestre San Martin, Baron del 1000 Inaugurado em janeiro de 2011, Hotel é uma categoria de três estrelas com um atendimento personalizado da família,tem 52 quartos e sua localização estratégica e privilegiada os visitantes são apenas duas quadras do Córdoba pedestre, quatro da Bolsa de Valores e Paseo del Siglo, e cinco do Monumento à Bandeira, da Catedral e do Rio Paraná.
HOTEL_BRINDAMOS_A_NUESTROS_CLIENTES;Oferecemos aos nossos clientes as seguintes facilidades:
HOTEL_COMODIDADES;Inteligente bloqueio do cartão magnético, internet wireless, TV LCD 32 ', decodificador digital HD (High Definition) em todos os quartos, geladeira, mesa individual, cofre e cadeira, ar condicionado split, radiadores de aquecimento com controle individual, soummier com pillow top, telefone, abertura com isolamento acústico, casa de banho privativa com secador de cabelo.

HABITACIONES_COMODIDAD_SERVICIO_CALIDAD;Conforto, serviço e qualidadea
Cerradura_con_tarjeta_magnetica_inteligente;Inteligente fechadura com cartão magnético
Nuestras_habitaciones_disponen_de;Os nossos quartos têm:
Internet_Wifi;Internet Wireless
Decodificador_Digital_HD;Digital Box HD (High Definition) em todos os quartos
Frigobar;Frigobar
Caja_de_Seguridad_Individual;Cofre para Valores
Escritorio_y_Silla_de_Trabajo;Secretária e cadeira
Aire_Acondicionado_Split;Ar condicionado split
Calefaccion_por_Radiadores_con_Control_Individual;Radiadores de aquecimento com controle individual
Soummier_con_Pillow_Top;Soummier com Pillow Top
Telefono;Telefone
Aberturas_con_Aislamiento_Acustico;Abertura com isolamento acústico
Bano_con_secador_de_pelo;Casa de banho privativa com secador de cabelo
Privilegiada_vista_de_la_ciudad;Vista do interior da cidade

Baron_del_mil_cuenta_con;Baron del 1000 de recursos:
Habitacion_con_todas_las_comodidades;1 Sala de conforto para as pessoas com deficiência, equipado de acordo com as normas vigentes
habitaciones_cuadruples;13 quarto quádruplo equipado com uma cama de casal + duas camas de solteiro para até 4 pessoas. (ideal para famílias)
Habitaciones_triples;10 Quartos triplos com uma cama de casal + uma cama de solteiro para até três pessoas.
8_habitaciones_triples;8 Quartos triplos com três camas de solteiro para até três pessoas.
Habitaciones_dobles;10 quartos duplos com uma cama de casal
10_habitaciones_dobles;10 quartos duplos com duas camas de solteiro.
Galeria_de_imagenes;Galeria de Imagens

Facebook;Siga-nos no Facebook
Servicios_para_Discapacitados;Servicios incapacitados
Sistema_deteccion_incendios;Sistema Detecção de incendios
Escalera_de_emergencia;Escalera de emergencia